<?xml version="1.0" encoding="UTF-8"?>
<!DOCTYPE mapper PUBLIC "-//mybatis.org//DTD Mapper 3.0//EN" "http://mybatis.org/dtd/mybatis-3-mapper.dtd">
<mapper namespace="com.yx.dao.BookInfoMapper">
  <resultMap id="BaseResultMap" type="com.yx.po.BookInfo">
    <!--
      WARNING - @mbggenerated
      This element is automatically generated by MyBatis Generator, do not modify.
      This element was generated on Tue Mar 30 16:30:04 CST 2021.
    -->
    <id column="id" jdbcType="INTEGER" property="id" />
    <result column="name" jdbcType="VARCHAR" property="name" />
    <result column="author" jdbcType="VARCHAR" property="author" />
    <result column="publish" jdbcType="VARCHAR" property="publish" />
    <result column="isbn" jdbcType="VARCHAR" property="isbn" />
    <result column="introduction" jdbcType="VARCHAR" property="introduction" />
    <result column="language" jdbcType="VARCHAR" property="language" />
    <result column="price" jdbcType="DOUBLE" property="price" />
    <result column="publish_date" jdbcType="DATE" property="publishDate" />
    <result column="type_id" jdbcType="INTEGER" property="typeId" />
    <result column="status" jdbcType="INTEGER" property="status" />
  </resultMap>
  <sql id="Base_Column_List">
    <!--
      WARNING - @mbggenerated
      This element is automatically generated by MyBatis Generator, do not modify.
      This element was generated on Tue Mar 30 16:30:04 CST 2021.
    -->
    id, name, author, publish, isbn, introduction, language, price, publish_date, type_id,
    status
  </sql>
  <select id="selectByPrimaryKey" parameterType="java.lang.Integer" resultMap="BaseResultMap">
    <!--
      WARNING - @mbggenerated
      This element is automatically generated by MyBatis Generator, do not modify.
      This element was generated on Tue Mar 30 16:30:04 CST 2021.
    -->
    select 
    <include refid="Base_Column_List" />
    from book_info
    where id = #{id,jdbcType=INTEGER}
  </select>
  <delete id="deleteByPrimaryKey" parameterType="java.lang.Integer">
    <!--
      WARNING - @mbggenerated
      This element is automatically generated by MyBatis Generator, do not modify.
      This element was generated on Tue Mar 30 16:30:04 CST 2021.
    -->
    delete from book_info
    where id = #{id,jdbcType=INTEGER}
  </delete>
  <insert id="insert" parameterType="com.yx.po.BookInfo">
    <!--
      WARNING - @mbggenerated
      This element is automatically generated by MyBatis Generator, do not modify.
      This element was generated on Tue Mar 30 16:30:04 CST 2021.
    -->
    insert into book_info (id, name, author, 
      publish, isbn, introduction,
      language, price, publish_date, 
      type_id, status)
    values (#{id,jdbcType=INTEGER}, #{name,jdbcType=VARCHAR}, #{author,jdbcType=VARCHAR}, 
      #{publish,jdbcType=VARCHAR}, #{isbn,jdbcType=VARCHAR}, #{introduction,jdbcType=VARCHAR},
      #{language,jdbcType=VARCHAR}, #{price,jdbcType=DOUBLE}, #{publishDate,jdbcType=DATE}, 
      #{typeId,jdbcType=INTEGER}, #{status,jdbcType=INTEGER})
  </insert>
  <insert id="insertSelective" parameterType="com.yx.po.BookInfo">
    <!--
      WARNING - @mbggenerated
      This element is automatically generated by MyBatis Generator, do not modify.
      This element was generated on Tue Mar 30 16:30:04 CST 2021.
    -->
    insert into book_info
    <trim prefix="(" suffix=")" suffixOverrides=",">
      <if test="id != null">
        id,
      </if>
      <if test="name != null">
        name,
      </if>
      <if test="author != null">
        author,
      </if>
      <if test="publish != null">
        publish,
      </if>
      <if test="isbn != null">
        isbn,
      </if>
      <if test="introduction != null">
        introduction,
      </if>
      <if test="language != null">
        language,
      </if>
      <if test="price != null">
        price,
      </if>
      <if test="publishDate != null">
        publish_date,
      </if>
      <if test="typeId != null">
        type_id,
      </if>
      <if test="status != null">
        status,
      </if>
    </trim>
    <trim prefix="values (" suffix=")" suffixOverrides=",">
      <if test="id != null">
        #{id,jdbcType=INTEGER},
      </if>
      <if test="name != null">
        #{name,jdbcType=VARCHAR},
      </if>
      <if test="author != null">
        #{author,jdbcType=VARCHAR},
      </if>
      <if test="publish != null">
        #{publish,jdbcType=VARCHAR},
      </if>
      <if test="isbn != null">
        #{isbn,jdbcType=VARCHAR},
      </if>
      <if test="introduction != null">
        #{introduction,jdbcType=VARCHAR},
      </if>
      <if test="language != null">
        #{language,jdbcType=VARCHAR},
      </if>
      <if test="price != null">
        #{price,jdbcType=DOUBLE},
      </if>
      <if test="publishDate != null">
        #{publishDate,jdbcType=DATE},
      </if>
      <if test="typeId != null">
        #{typeId,jdbcType=INTEGER},
      </if>
      <if test="status != null">
        #{status,jdbcType=INTEGER},
      </if>
    </trim>
  </insert>
  <update id="updateByPrimaryKeySelective" parameterType="com.yx.po.BookInfo">
    <!--
      WARNING - @mbggenerated
      This element is automatically generated by MyBatis Generator, do not modify.
      This element was generated on Tue Mar 30 16:30:04 CST 2021.
    -->
    update book_info
    <set>
      <if test="name != null">
        name = #{name,jdbcType=VARCHAR},
      </if>
      <if test="author != null">
        author = #{author,jdbcType=VARCHAR},
      </if>
      <if test="publish != null">
        publish = #{publish,jdbcType=VARCHAR},
      </if>
      <if test="isbn != null">
        isbn = #{isbn,jdbcType=VARCHAR},
      </if>
      <if test="introduction != null">
        introduction = #{introduction,jdbcType=VARCHAR},
      </if>
      <if test="language != null">
        language = #{language,jdbcType=VARCHAR},
      </if>
      <if test="price != null">
        price = #{price,jdbcType=DOUBLE},
      </if>
      <if test="publishDate != null">
        publish_date = #{publishDate,jdbcType=DATE},
      </if>
      <if test="typeId != null">
        type_id = #{typeId,jdbcType=INTEGER},
      </if>
      <if test="status != null">
        status = #{status,jdbcType=INTEGER},
      </if>
    </set>
    where id = #{id,jdbcType=INTEGER}
  </update>
  <update id="updateByPrimaryKey" parameterType="com.yx.po.BookInfo">
    <!--
      WARNING - @mbggenerated
      This element is automatically generated by MyBatis Generator, do not modify.
      This element was generated on Tue Mar 30 16:30:04 CST 2021.
    -->
    update book_info
    set name = #{name,jdbcType=VARCHAR},
      author = #{author,jdbcType=VARCHAR},
      publish = #{publish,jdbcType=VARCHAR},
      isbn = #{isbn,jdbcType=VARCHAR},
      introduction = #{introduction,jdbcType=VARCHAR},
      language = #{language,jdbcType=VARCHAR},
      price = #{price,jdbcType=DOUBLE},
      publish_date = #{publishDate,jdbcType=DATE},
      type_id = #{typeId,jdbcType=INTEGER},
      status = #{status,jdbcType=INTEGER}
    where id = #{id,jdbcType=INTEGER}
  </update>

  <resultMap id="queryBookAllMap" type="com.yx.po.BookInfo" extends="BaseResultMap">
      <association property="typeInfo" javaType="com.yx.po.TypeInfo">
          <id column="id" property="id"></id>
          <result column="type_name" property="name"></result>
      </association>
  </resultMap>
  <select id="queryBookInfoAll" parameterType="com.yx.po.BookInfo" resultMap="queryBookAllMap">
    select book_info.*,type_info.name as type_name
    from book_info,type_info
    where type_info.id = book_info.type_id
    <if test="name!=null">
      and book_info.name like '%${name}%'
    </if>
    <if test="isbn!=null">
      and book_info.isbn like '%${isbn}%'
    </if>
    <if test="typeId!=null">
      and  book_info.type_id like '%${typeId}%'
    </if>

  </select>

  <!--根据图书类型获取图书对应数量信息-->
  <select id="getBookCountByType" resultType="com.yx.po.BookInfo">
    SELECT
	count( book.id ) AS counts,
	type.NAME
    FROM
        book_info book
        LEFT JOIN type_info type ON type.id = book.type_id
    GROUP BY
	    book.type_id
  </select>
</mapper>